{
    "plans": {
        "ec2-backup-org-wide": {
            "regions": {
                "@@assign": [
                    "us-east-1"
                ]
            },
            "rules": {
                "daily-backup-2day-retention": {
                    "schedule_expression": {
                        "@@assign": "cron(10 6 ? * * *)"
                    },
                    "start_backup_window_minutes": {
                        "@@assign": "60"
                    },
                    "complete_backup_window_minutes": {
                        "@@assign": "360"
                    },
                    "lifecycle": {
                        "delete_after_days": {
                            "@@assign": "2"
                        }
                    },
                    "target_backup_vault_name": {
                        "@@assign": "ec2-backup-vault"
                    }
                }
            },
            "selections": {
                "tags": {
                    "ec2-resources": {
                        "iam_role_arn": {
                            "@@assign": "arn:aws:iam::$account:role/service-role/AWSBackupDefaultServiceRole"
                        },
                        "tag_key": {
                            "@@assign": "backup"
                        },
                        "tag_value": {
                            "@@assign": [
                                "true"
                            ]
                        }
                    }
                }
            }
        }
    }
}