Service Principal,Date Enabled
aws-artifact-account-sync.amazonaws.com,2024-09-19 11:35:52.177000+05:30
backup.amazonaws.com,2024-09-11 11:11:33.406000+05:30
cloudtrail.amazonaws.com,2024-09-04 15:29:03.353000+05:30
config.amazonaws.com,2024-09-09 11:25:22.200000+05:30
detective.amazonaws.com,2024-09-17 12:45:10.280000+05:30
fms.amazonaws.com,2024-09-17 16:27:27.729000+05:30
guardduty.amazonaws.com,2024-09-09 12:08:06.111000+05:30
macie.amazonaws.com,2024-09-10 12:17:06.738000+05:30
member.org.stacksets.cloudformation.amazonaws.com,2024-09-11 15:51:44.041000+05:30
mgn.amazonaws.com,2024-09-19 11:30:54.087000+05:30
ram.amazonaws.com,2024-09-10 11:36:35.806000+05:30
securityhub.amazonaws.com,2024-09-10 12:12:17.032000+05:30
sso.amazonaws.com,2024-09-11 12:04:43.328000+05:30
storage-lens.s3.amazonaws.com,2024-09-17 16:31:28.390000+05:30
tagpolicies.tag.amazonaws.com,2024-09-17 14:10:12.618000+05:30
